duration,credit_amount,installment_commitment,residence_since,age,existing_credits,num_dependents,checking_status_0<=X<200,checking_status_<0,checking_status_no checking,credit_history_all paid,credit_history_critical/other existing credit,credit_history_delayed previously,credit_history_no credits/all paid,purpose_business,purpose_furniture/equipment,purpose_new car,purpose_other,purpose_radio/tv,purpose_used car,savings_status_500<=X<1000,savings_status_<100,savings_status_no known savings,employment_1<=X<4,employment_4<=X<7,employment_<1,employment_>=7,employment_unemployed,personal_status_female div/dep/mar,other_parties_co applicant,property_magnitude_car,property_magnitude_life insurance,property_magnitude_no known property,other_payment_plans_bank,housing_own,job_high qualif/self emp/mgmt,job_skilled,own_telephone_none,class
24,7393,1,4,43,1,2,0,0,1,0,0,0,0,0,0,1,0,0,0,0,1,0,1,0,0,0,0,0,0,0,1,0,0,1,0,0,1,1
36,10875,2,2,45,2,2,0,0,1,0,0,1,0,0,0,1,0,0,0,0,1,0,0,0,0,1,0,0,0,1,0,0,0,1,0,1,0,1
60,10366,2,4,42,1,1,0,0,1,0,0,0,0,0,0,1,0,0,0,0,1,0,0,0,0,1,0,0,0,0,1,0,0,1,1,0,0,1
36,8229,2,2,26,1,2,0,1,0,0,0,0,0,0,0,0,0,0,1,0,1,0,1,0,0,0,0,0,0,0,1,0,0,1,0,1,1,0
60,14027,4,2,27,1,1,1,0,0,0,0,0,0,0,0,1,0,0,0,0,1,0,0,1,0,0,0,0,0,0,0,1,0,1,1,0,0,0
48,8858,2,1,35,2,1,0,0,1,0,1,0,0,0,0,0,0,0,1,0,0,1,0,1,0,0,0,0,0,0,0,1,0,0,0,1,0,1
27,8318,2,4,42,2,1,1,0,0,0,0,0,1,1,0,0,0,0,0,0,1,0,0,0,0,1,0,1,0,0,0,1,0,0,1,0,0,0
48,7119,3,4,53,2,2,0,1,0,0,0,0,1,0,1,0,0,0,0,0,1,0,1,0,0,0,0,0,0,0,0,1,0,0,0,1,1,0
36,12612,1,4,47,1,2,1,0,0,0,0,0,0,0,0,0,0,0,0,0,0,0,1,0,0,0,0,0,0,0,0,1,0,0,0,1,0,0
14,8978,1,4,45,1,1,0,1,0,0,0,0,0,0,0,1,0,0,0,0,1,0,0,0,0,1,0,0,0,0,1,0,0,1,1,0,0,0
48,8358,1,1,30,2,1,1,0,0,0,0,0,1,0,0,1,0,0,0,1,0,0,0,0,1,0,0,1,0,1,0,0,0,1,0,1,1,1
24,7814,3,3,38,1,1,0,0,1,0,0,0,0,0,0,0,0,0,1,0,1,0,0,1,0,0,0,0,0,1,0,0,0,1,1,0,0,1
36,11054,4,2,30,1,1,0,0,1,0,1,0,0,0,0,0,0,0,1,0,0,1,1,0,0,0,0,0,0,1,0,0,0,1,1,0,0,1
36,12389,1,4,37,1,1,1,0,0,0,0,0,0,0,0,1,0,0,0,0,0,1,1,0,0,0,0,0,0,0,0,1,0,0,0,1,0,0
24,11938,2,3,39,2,2,1,0,0,0,1,0,0,0,0,0,1,0,0,0,1,0,1,0,0,0,0,0,1,1,0,0,0,1,1,0,0,0
60,13756,2,4,63,1,1,0,0,1,0,1,0,0,0,0,1,0,0,0,0,0,1,0,0,0,1,0,0,0,0,0,1,1,0,1,0,0,1
48,7238,3,3,32,2,2,0,0,1,0,0,1,0,0,0,0,0,1,0,0,0,1,0,0,0,1,0,0,0,1,0,0,1,1,0,1,1,1
42,9283,1,2,55,1,1,1,0,0,1,0,0,0,0,0,0,0,0,1,0,1,0,0,0,0,0,1,0,0,0,0,1,1,0,1,0,0,1
48,7763,4,4,42,1,1,0,1,0,0,0,0,0,0,0,1,0,0,0,0,1,0,0,0,0,1,0,0,0,0,0,1,1,0,1,0,1,0
48,9960,1,2,26,1,1,1,0,0,0,0,0,0,0,1,0,0,0,0,0,1,0,0,0,1,0,0,1,0,1,0,0,0,1,0,1,0,0
24,8648,2,2,27,2,1,0,0,1,0,0,1,0,1,0,0,0,0,0,0,1,0,0,0,1,0,0,0,0,1,0,0,1,1,0,1,0,0
